{"manikonda": [17.4037073, 78.3766148], "balanagar": [18.0018724, 78.2873322], "uppal": [17.4025091, 78.5612562], "medchal": [17.6339929, 78.4843146], "lingampalli": [17.0887885, 77.4131138], "alwal": [17.5022292, 78.5088584], "shamirpet": [17.5942672, 78.5743878], "jeedimetla": [17.5096516, 78.4786567], "miyapur": [17.4981608, 78.3567628], "patancheruvu": [17.5317301, 78.26412694093686], "bachupally": [17.5410548, 78.3635484], "bollaram": [18.1609088, 78.0699201], "serilingampalle": [17.46532965, 78.34374339328711], "kukatpally": [17.4930841, 78.4054408], "madhapur": [17.4408924, 78.3916304], "Boduppal": [17.4200755, 78.5827841], "bowrampet": [17.5610356, 78.3982185]}